collision_distance,collision_time,speed_car,distance_ped_start,speed_ped
4.773591839582636,1.607124483219818,15.0,5.0,0.1
1.669392918810582,0.8939665380691871,18.42105263157895,5.0,0.1
2.1193968244151757,0.35800478677232656,21.842105263157894,5.0,0.1
2.164514599701441,0.28633796286370256,25.263157894736842,5.0,0.1
2.2689268522825294,0.25424996830285296,28.684210526315788,5.0,0.1
2.3054237315315995,0.24620803586017392,32.10526315789474,5.0,0.1
2.329065775870752,0.20643780709169204,35.526315789473685,5.0,0.1
2.3519130521386558,0.21391402855072375,38.94736842105263,5.0,0.1
2.390673110246896,0.19791253254751964,42.368421052631575,5.0,0.1
2.39745197430623,0.1854293445030927,45.78947368421053,5.0,0.1
2.4080149743410635,0.17444012395185438,49.21052631578947,5.0,0.1
2.417333247071198,0.16547077271698388,52.63157894736842,5.0,0.1
2.4263607111216414,0.15566792782549088,56.05263157894737,5.0,0.1
2.4278047887502683,0.14828657140684046,59.473684210526315,5.0,0.1
2.4355047229134903,0.13913219455919132,62.89473684210526,5.0,0.1
2.434781646425737,0.1298587349480619,66.31578947368422,5.0,0.1
2.43801980407411,0.1279703680247458,69.73684210526315,5.0,0.1
2.4376180253928257,0.12817413729777805,73.15789473684211,5.0,0.1
2.438366024445535,0.1282565984625709,76.57894736842105,5.0,0.1
2.4381987137305994,0.12791738695088067,80.0,5.0,0.1
4.811101094011795,1.8969841241108607,15.0,7.222222222222222,0.1
1.6129180595821875,1.272591833164542,18.42105263157895,7.222222222222222,0.1
0.25453089714612176,1.0604456072569888,21.842105263157894,7.222222222222222,0.1
0,0,25.263157894736842,7.222222222222222,0.1
2.0191670388221685,0.3251632882244028,28.684210526315788,7.222222222222222,0.1
2.0977276238516307,0.2642811585327976,32.10526315789474,7.222222222222222,0.1
2.1647345357393726,0.21203555080412828,35.526315789473685,7.222222222222222,0.1
2.2084565326788517,0.22214646124843168,38.94736842105263,7.222222222222222,0.1
2.2610359289863853,0.18235951554694824,42.368421052631575,7.222222222222222,0.1
2.290271563007336,0.17315919480883118,45.78947368421053,7.222222222222222,0.1
2.309077265063582,0.1633825173338099,49.21052631578947,7.222222222222222,0.1
2.333858801206964,0.15661600723148417,52.63157894736842,7.222222222222222,0.1
2.34844486190814,0.14850111805717034,56.05263157894737,7.222222222222222,0.1
2.3648411411842876,0.14237688313104546,59.473684210526315,7.222222222222222,0.1
2.3811637713505567,0.13436751654369936,62.89473684210526,7.222222222222222,0.1
2.3845364324524545,0.12566531343195156,66.31578947368422,7.222222222222222,0.1
2.386688007535346,0.12383575141490072,69.73684210526315,7.222222222222222,0.1
2.3796643084848252,0.12366234805731466,73.15789473684211,7.222222222222222,0.1
2.392970741475392,0.12441865351590077,76.57894736842105,7.222222222222222,0.1
2.3812514493565042,0.12363505424513867,80.0,7.222222222222222,0.1
4.473271280018727,1.789702076961505,15.0,9.444444444444445,0.1
1.764985728858993,1.5431064526310216,18.42105263157895,9.444444444444445,0.1
2.749100167745109,1.2452013376802962,21.842105263157894,9.444444444444445,0.1
1.7010934821941917,1.2320114533661761,25.263157894736842,9.444444444444445,0.1
0.9037815244558456,0.7865939434061254,28.684210526315788,9.444444444444445,0.1
0,0,32.10526315789474,9.444444444444445,0.1
1.9519585462716849,0.2972663313384034,35.526315789473685,9.444444444444445,0.1
2.043443590840651,0.25915384402635067,38.94736842105263,9.444444444444445,0.1
2.100445949730533,0.20832983248566123,42.368421052631575,9.444444444444445,0.1
2.1532093930405796,0.17480004089840948,45.78947368421053,9.444444444444445,0.1
2.182734463562549,0.15658301982546874,49.21052631578947,9.444444444444445,0.1
2.230115838702075,0.15332404123303642,52.63157894736842,9.444444444444445,0.1
2.25987511165175,0.14316128640303513,56.05263157894737,9.444444444444445,0.1
2.289277200055443,0.13725527812576963,59.473684210526315,9.444444444444445,0.1
2.307724813000928,0.12858561837713858,62.89473684210526,9.444444444444445,0.1
2.3145404190132526,0.12004246918758268,66.31578947368422,9.444444444444445,0.1
2.307371148773229,0.11796295916005259,69.73684210526315,9.444444444444445,0.1
2.309132852622731,0.11906675147052255,73.15789473684211,9.444444444444445,0.1
2.3019417039914623,0.1180016866990931,76.57894736842105,9.444444444444445,0.1
2.3105643057729988,0.1187479341955889,80.0,9.444444444444445,0.1
7.1179212024356,2.2774232756657704,15.0,11.666666666666668,0.1
3.543646008900875,1.4179348987745028,18.42105263157895,11.666666666666668,0.1
1.4042386643815883,1.3558355182439057,21.842105263157894,11.666666666666668,0.1
2.135761696168675,1.5030322404445051,25.263157894736842,11.666666666666668,0.1
1.8685494307006263,1.4165627878501035,28.684210526315788,11.666666666666668,0.1
0,0,32.10526315789474,11.666666666666668,0.1
0,0,35.526315789473685,11.666666666666668,0.1
1.8375348043151172,0.284607656385812,38.94736842105263,11.666666666666668,0.1
1.9122735914017184,0.2393573658225888,42.368421052631575,11.666666666666668,0.1
1.983379239677799,0.18001412270428624,45.78947368421053,11.666666666666668,0.1
2.049215285129417,0.17074111998496683,49.21052631578947,11.666666666666668,0.1
2.098987926213113,0.155839270820285,52.63157894736842,11.666666666666668,0.1
2.1375307411468025,0.13970363460823082,56.05263157894737,11.666666666666668,0.1
2.169735993043344,0.13157394662097244,59.473684210526315,11.666666666666668,0.1
2.203715591682804,0.12244672901889041,62.89473684210526,11.666666666666668,0.1
2.2062875196888494,0.11409292923235784,66.31578947368422,11.666666666666668,0.1
2.2076602200774236,0.11342109325519861,69.73684210526315,11.666666666666668,0.1
2.208207147347727,0.11448750583634135,73.15789473684211,11.666666666666668,0.1
2.222389169813675,0.11501848605873466,76.57894736842105,11.666666666666668,0.1
2.2172054236265257,0.11352048434470222,80.0,11.666666666666668,0.1
4.239756582271991,1.604598248884356,15.0,13.88888888888889,0.1
2.457031652366392,1.4811927324559144,18.42105263157895,13.88888888888889,0.1
2.1542785819618118,1.1728004936626384,21.842105263157894,13.88888888888889,0.1
2.209942964092207,1.3246294890926904,25.263157894736842,13.88888888888889,0.1
2.2226522660617904,1.1828519136796645,28.684210526315788,13.88888888888889,0.1
2.36064153463834,1.193999670639961,32.10526315789474,13.88888888888889,0.1
0,0,35.526315789473685,13.88888888888889,0.1
0,0,38.94736842105263,13.88888888888889,0.1
0,0,42.368421052631575,13.88888888888889,0.1
1.8348189484064075,0.2033915715654174,45.78947368421053,13.88888888888889,0.1
1.8923004492813873,0.19516632149942756,49.21052631578947,13.88888888888889,0.1
1.9711581002361094,0.15160693144074697,52.63157894736842,13.88888888888889,0.1
2.0187679288574025,0.14889479497785182,56.05263157894737,13.88888888888889,0.1
2.0532513232214367,0.13167656882020837,59.473684210526315,13.88888888888889,0.1
2.0972135164784707,0.12290716405167246,62.89473684210526,13.88888888888889,0.1
2.092996487037336,0.11232042836766885,66.31578947368422,13.88888888888889,0.1
2.083423713855468,0.11596699994011869,69.73684210526315,13.88888888888889,0.1
2.097827224543765,0.11294421080073225,73.15789473684211,13.88888888888889,0.1
2.1081960235452115,0.11372633843506255,76.57894736842105,13.88888888888889,0.1
2.0900619554960267,0.11726552208272349,80.0,13.88888888888889,0.1
4.129950505481243,1.637798506374363,15.0,16.11111111111111,0.1
1.2100571679402623,1.2291032863035982,18.42105263157895,16.11111111111111,0.1
2.647065868164978,1.4893168907652468,21.842105263157894,16.11111111111111,0.1
2.3518093469398966,1.624998004843729,25.263157894736842,16.11111111111111,0.1
1.8689408035953576,1.0994539237332743,28.684210526315788,16.11111111111111,0.1
1.7143677453166877,1.4503089868350882,32.10526315789474,16.11111111111111,0.1
0.740762592476299,0.8435095601466869,35.526315789473685,16.11111111111111,0.1
1.756421057575435,0.9120855745134805,38.94736842105263,16.11111111111111,0.1
0,0,42.368421052631575,16.11111111111111,0.1
0,0,45.78947368421053,16.11111111111111,0.1
1.740729778486556,0.20088059560399327,49.21052631578947,16.11111111111111,0.1
1.8131278450382067,0.1599715385925135,52.63157894736842,16.11111111111111,0.1
1.8776331290508679,0.151655889043164,56.05263157894737,16.11111111111111,0.1
1.939501355580878,0.13169623939331557,59.473684210526315,16.11111111111111,0.1
1.9563454481425744,0.1204123093067902,62.89473684210526,16.11111111111111,0.1
1.9602313981532322,0.11925582665947562,66.31578947368422,16.11111111111111,0.1
1.9805536443627516,0.11919920890719862,69.73684210526315,16.11111111111111,0.1
1.9611350500176725,0.1170191013686253,73.15789473684211,16.11111111111111,0.1
1.9769602432421496,0.11459848780967045,76.57894736842105,16.11111111111111,0.1
1.9773745043592654,0.11468448452534788,80.0,16.11111111111111,0.1
4.2747552719186945,1.6004694017023842,15.0,18.333333333333336,0.1
1.806291030015407,1.492912083912956,18.42105263157895,18.333333333333336,0.1
1.8622284954549957,1.167469626633791,21.842105263157894,18.333333333333336,0.1
1.3016724046790238,1.0278503604061953,25.263157894736842,18.333333333333336,0.1
2.013753267055309,1.507552037165098,28.684210526315788,18.333333333333336,0.1
1.7723108473617009,1.4585123292976268,32.10526315789474,18.333333333333336,0.1
1.3794571067525103,1.3628346137068896,35.526315789473685,18.333333333333336,0.1
1.722944401993387,1.3422834537463595,38.94736842105263,18.333333333333336,0.1
0.46101847560671794,0.7712389749310817,42.368421052631575,18.333333333333336,0.1
0.08487064238558054,0.696541542953769,45.78947368421053,18.333333333333336,0.1
0,0,49.21052631578947,18.333333333333336,0.1
1.6632430481773521,0.1706536677607533,52.63157894736842,18.333333333333336,0.1
1.7527865620979761,0.14812266943938387,56.05263157894737,18.333333333333336,0.1
1.8160159546960932,0.13364359655895516,59.473684210526315,18.333333333333336,0.1
1.8368682020593308,0.11911324221466535,62.89473684210526,18.333333333333336,0.1
1.8411425086090984,0.1157352868877902,66.31578947368422,18.333333333333336,0.1
1.844108609271415,0.11889361434363097,69.73684210526315,18.333333333333336,0.1
1.831777737326722,0.12322006997826293,73.15789473684211,18.333333333333336,0.1
1.8418505443032944,0.11689627559716967,76.57894736842105,18.333333333333336,0.1
1.8328334502904295,0.11627648903799238,80.0,18.333333333333336,0.1
4.126852004615011,1.617744255250171,15.0,20.555555555555557,0.1
1.7093334649112741,1.4304754012796723,18.42105263157895,20.555555555555557,0.1
2.217351812265097,1.5693431020663569,21.842105263157894,20.555555555555557,0.1
2.240321169365414,1.3398188591188587,25.263157894736842,20.555555555555557,0.1
1.5540146680105917,1.3734529544739884,28.684210526315788,20.555555555555557,0.1
2.2394386193990843,1.4990331303245794,32.10526315789474,20.555555555555557,0.1
1.5404483882119215,1.4086409736105545,35.526315789473685,20.555555555555557,0.1
1.5460504792685972,1.5287512251928717,38.94736842105263,20.555555555555557,0.1
2.405747998722855,1.1732397953829734,42.368421052631575,20.555555555555557,0.1
0.31013507742226076,0.8451245527756244,45.78947368421053,20.555555555555557,0.1
0,0,49.21052631578947,20.555555555555557,0.1
0,0,52.63157894736842,20.555555555555557,0.1
1.595353882215786,0.16373617581973218,56.05263157894737,20.555555555555557,0.1
1.6638245887170942,0.13089111512293275,59.473684210526315,20.555555555555557,0.1
1.686874536951349,0.12306770431294778,62.89473684210526,20.555555555555557,0.1
1.6816491228037345,0.12143151575908526,66.31578947368422,20.555555555555557,0.1
1.6805937087225122,0.12502417712499553,69.73684210526315,20.555555555555557,0.1
1.6775595241972963,0.12487497600730503,73.15789473684211,20.555555555555557,0.1
1.6748769716374596,0.12427598551052263,76.57894736842105,20.555555555555557,0.1
1.6696844663510768,0.12694526353748453,80.0,20.555555555555557,0.1
4.439001676680234,1.6347828930213286,15.0,22.77777777777778,0.1
1.8379629486789353,1.4185953834924685,18.42105263157895,22.77777777777778,0.1
2.2180337737882616,1.2226078825050746,21.842105263157894,22.77777777777778,0.1
2.3239855932266202,1.3164384805575338,25.263157894736842,22.77777777777778,0.1
1.3388828356876794,1.3484288060477376,28.684210526315788,22.77777777777778,0.1
1.7862143405668898,1.454157292667287,32.10526315789474,22.77777777777778,0.1
2.257853512111013,1.548929318068317,35.526315789473685,22.77777777777778,0.1
1.634408815120265,1.4583064900963023,38.94736842105263,22.77777777777778,0.1
1.9715325621269,1.358510962788392,42.368421052631575,22.77777777777778,0.1
2.299223763026689,1.1447671948239364,45.78947368421053,22.77777777777778,0.1
2.321863678252637,0.9606571176645058,49.21052631578947,22.77777777777778,0.1
0,0,52.63157894736842,22.77777777777778,0.1
0,0,56.05263157894737,22.77777777777778,0.1
1.4729377368068048,0.14181421634401398,59.473684210526315,22.77777777777778,0.1
1.4777151239766178,0.14203984339561956,62.89473684210526,22.77777777777778,0.1
0,0,66.31578947368422,22.77777777777778,0.1
1.483492993875982,0.13718994263861684,69.73684210526315,22.77777777777778,0.1
1.491793146632726,0.13436742545519018,73.15789473684211,22.77777777777778,0.1
1.4812396178467675,0.1393914062605945,76.57894736842105,22.77777777777778,0.1
1.4761164325289433,0.14558426735454127,80.0,22.77777777777778,0.1
4.697893922571047,1.6029207872841191,15.0,25.0,0.1
2.162870330260636,1.4625441801934391,18.42105263157895,25.0,0.1
2.1040907666276434,1.192280237100413,21.842105263157894,25.0,0.1
2.2968219337082973,1.3085328742728515,25.263157894736842,25.0,0.1
2.0593614376035707,1.495167788427365,28.684210526315788,25.0,0.1
2.135376443833981,1.4777528414971142,32.10526315789474,25.0,0.1
1.817931054197437,1.446291741237604,35.526315789473685,25.0,0.1
2.1597786199097286,1.26339372719272,38.94736842105263,25.0,0.1
1.4076558882944474,1.0377921304951456,42.368421052631575,25.0,0.1
1.3800154373224356,0.9962245514961316,45.78947368421053,25.0,0.1
2.315314079790937,1.2001757434511648,49.21052631578947,25.0,0.1
0.2920820759040512,0.827402652551809,52.63157894736842,25.0,0.1
0,0,56.05263157894737,25.0,0.1
0,0,59.473684210526315,25.0,0.1
0,0,62.89473684210526,25.0,0.1
0,0,66.31578947368422,25.0,0.1
0,0,69.73684210526315,25.0,0.1
0,0,73.15789473684211,25.0,0.1
0,0,76.57894736842105,25.0,0.1
0,0,80.0,25.0,0.1
4.8703153234620835,1.6216491893762635,15.0,5.0,0.2
1.2829058860149638,1.0293283683318937,18.42105263157895,5.0,0.2
0.08524795513641745,0.970851838926266,21.842105263157894,5.0,0.2
0,0,25.263157894736842,5.0,0.2
0,0,28.684210526315788,5.0,0.2
0,0,32.10526315789474,5.0,0.2
2.171955950576682,0.22355403697446807,35.526315789473685,5.0,0.2
2.27138913862092,0.21609657782114663,38.94736842105263,5.0,0.2
2.28892613931007,0.1811790487996199,42.368421052631575,5.0,0.2
2.3138234858759263,0.173472718282593,45.78947368421053,5.0,0.2
2.3381483210070844,0.16297657211080635,49.21052631578947,5.0,0.2
2.356197590672055,0.1555164670161126,52.63157894736842,5.0,0.2
2.363101675014822,0.14565729871052574,56.05263157894737,5.0,0.2
2.386213994105426,0.14168793980068006,59.473684210526315,5.0,0.2
2.4034301330717875,0.13369706010258883,62.89473684210526,5.0,0.2
2.4111300646827876,0.12473660143386751,66.31578947368422,5.0,0.2
2.4011441213505225,0.1231872638277182,69.73684210526315,5.0,0.2
2.401207193551539,0.12254788539033624,73.15789473684211,5.0,0.2
2.400868450102846,0.12255407683089939,76.57894736842105,5.0,0.2
2.401422564479626,0.12293250177006572,80.0,5.0,0.2
4.492486556658809,1.6550075117689231,15.0,7.222222222222222,0.2
2.2605575715725506,1.517895545198657,18.42105263157895,7.222222222222222,0.2
0.6954482505648798,0.9547715930553603,21.842105263157894,7.222222222222222,0.2
0,0,25.263157894736842,7.222222222222222,0.2
0,0,28.684210526315788,7.222222222222222,0.2
0,0,32.10526315789474,7.222222222222222,0.2
0,0,35.526315789473685,7.222222222222222,0.2
0,0,38.94736842105263,7.222222222222222,0.2
2.0300398958730024,0.17842825112072758,42.368421052631575,7.222222222222222,0.2
2.112585616471449,0.16287952485300652,45.78947368421053,7.222222222222222,0.2
2.135447432253554,0.1551469322702784,49.21052631578947,7.222222222222222,0.2
2.1908349465142174,0.15247018081635613,52.63157894736842,7.222222222222222,0.2
2.2305588381293875,0.13564065475029533,56.05263157894737,7.222222222222222,0.2
2.24788975598669,0.13576364214781705,59.473684210526315,7.222222222222222,0.2
2.2814571628278295,0.12475419586608996,62.89473684210526,7.222222222222222,0.2
2.3009636732491168,0.11728280981605062,66.31578947368422,7.222222222222222,0.2
2.3013166699745553,0.11576090044969752,69.73684210526315,7.222222222222222,0.2
2.290985139172822,0.11499926726070073,73.15789473684211,7.222222222222222,0.2
2.2939172850367733,0.11536750115703472,76.57894736842105,7.222222222222222,0.2
2.301652463218466,0.11546729745057216,80.0,7.222222222222222,0.2
4.326435648840949,1.6396900648178925,15.0,9.444444444444445,0.2
3.6464116889123073,1.7856980258394608,18.42105263157895,9.444444444444445,0.2
1.9156629702546055,1.1818741297880886,21.842105263157894,9.444444444444445,0.2
1.5925872838552626,1.0899423300672813,25.263157894736842,9.444444444444445,0.2
1.0356215944137876,0.84949974979895,28.684210526315788,9.444444444444445,0.2
1.097592197450775,0.8090237856156153,32.10526315789474,9.444444444444445,0.2
0,0,35.526315789473685,9.444444444444445,0.2
0,0,38.94736842105263,9.444444444444445,0.2
0,0,42.368421052631575,9.444444444444445,0.2
0,0,45.78947368421053,9.444444444444445,0.2
1.858982230914858,0.14776568135783014,49.21052631578947,9.444444444444445,0.2
1.9784169548164474,0.1377076186699174,52.63157894736842,9.444444444444445,0.2
2.017480056340286,0.13195717879023225,56.05263157894737,9.444444444444445,0.2
2.062589163950904,0.12813353734486882,59.473684210526315,9.444444444444445,0.2
2.1333614401036236,0.11821009148096101,62.89473684210526,9.444444444444445,0.2
2.1372465634758795,0.11050983975596965,66.31578947368422,9.444444444444445,0.2
2.157974613285556,0.11114324796331804,69.73684210526315,9.444444444444445,0.2
2.130678271112094,0.11171896687582004,73.15789473684211,9.444444444444445,0.2
2.1438545553360235,0.11222545775312924,76.57894736842105,9.444444444444445,0.2
2.1339700448436654,0.11096118909122965,80.0,9.444444444444445,0.2
4.089823555852101,1.6396437309260983,15.0,11.666666666666668,0.2
3.625647935988147,1.794794111987524,18.42105263157895,11.666666666666668,0.2
1.9430743410059101,1.1582167611441958,21.842105263157894,11.666666666666668,0.2
2.943920085983724,1.3091220776644574,25.263157894736842,11.666666666666668,0.2
3.4557621240016085,0.82145055391624,28.684210526315788,11.666666666666668,0.2
3.10234772299002,0.6775204761305837,32.10526315789474,11.666666666666668,0.2
0,0,35.526315789473685,11.666666666666668,0.2
0,0,38.94736842105263,11.666666666666668,0.2
0,0,42.368421052631575,11.666666666666668,0.2
0,0,45.78947368421053,11.666666666666668,0.2
0,0,49.21052631578947,11.666666666666668,0.2
0,0,52.63157894736842,11.666666666666668,0.2
1.7692012092268796,0.12485433324970241,56.05263157894737,11.666666666666668,0.2
1.8726655516167896,0.11912793186421093,59.473684210526315,11.666666666666668,0.2
1.910858689825098,0.10812671125538557,62.89473684210526,11.666666666666668,0.2
1.9366205776881011,0.10433789629317612,66.31578947368422,11.666666666666668,0.2
1.946905105227198,0.10364172690848586,69.73684210526315,11.666666666666668,0.2
1.9332002633444392,0.1037767402544924,73.15789473684211,11.666666666666668,0.2
1.9224192078813156,0.10782144789800517,76.57894736842105,11.666666666666668,0.2
1.9465121641425116,0.10584723218380161,80.0,11.666666666666668,0.2
4.304760676504526,1.5725009746267522,15.0,13.88888888888889,0.2
3.793432039850508,1.7378255018522695,18.42105263157895,13.88888888888889,0.2
1.9558999700439994,1.1460131344863633,21.842105263157894,13.88888888888889,0.2
2.5742423595194657,0.9903010698676409,25.263157894736842,13.88888888888889,0.2
2.509599849769967,0.6924955006412397,28.684210526315788,13.88888888888889,0.2
3.5133478272099983,0.6583376389245904,32.10526315789474,13.88888888888889,0.2
1.3429693187405458,0.7367558119348455,35.526315789473685,13.88888888888889,0.2
2.36458576485347,0.6954618922444644,38.94736842105263,13.88888888888889,0.2
0.09052392249446696,0.7176396850338431,42.368421052631575,13.88888888888889,0.2
0,0,45.78947368421053,13.88888888888889,0.2
0,0,49.21052631578947,13.88888888888889,0.2
0,0,52.63157894736842,13.88888888888889,0.2
0,0,56.05263157894737,13.88888888888889,0.2
0,0,59.473684210526315,13.88888888888889,0.2
0,0,62.89473684210526,13.88888888888889,0.2
1.6878958488251963,0.09886526049371644,66.31578947368422,13.88888888888889,0.2
1.6807167000122156,0.09581538766505955,69.73684210526315,13.88888888888889,0.2
1.6898373335278294,0.09636951648604233,73.15789473684211,13.88888888888889,0.2
1.6533134860458594,0.09832852685062038,76.57894736842105,13.88888888888889,0.2
1.6666993669985166,0.09768418747523668,80.0,13.88888888888889,0.2
4.427528355879497,1.6570369131231524,15.0,16.11111111111111,0.2
3.4075649881994767,1.5454635535078556,18.42105263157895,16.11111111111111,0.2
2.4360023062799,0.9577786896082433,21.842105263157894,16.11111111111111,0.2
3.6123767123527815,0.7012425602843124,25.263157894736842,16.11111111111111,0.2
3.635192386647223,0.6752352629311227,28.684210526315788,16.11111111111111,0.2
3.526438662435327,0.6711457718104287,32.10526315789474,16.11111111111111,0.2
3.3256627510716052,0.6730771980030724,35.526315789473685,16.11111111111111,0.2
3.556136186798217,0.6630838574156992,38.94736842105263,16.11111111111111,0.2
2.0601134406200865,0.707350270712658,42.368421052631575,16.11111111111111,0.2
0.9428680464370962,0.7495805373346758,45.78947368421053,16.11111111111111,0.2
0,0,49.21052631578947,16.11111111111111,0.2
0,0,52.63157894736842,16.11111111111111,0.2
0,0,56.05263157894737,16.11111111111111,0.2
0,0,59.473684210526315,16.11111111111111,0.2
0,0,62.89473684210526,16.11111111111111,0.2
0,0,66.31578947368422,16.11111111111111,0.2
0,0,69.73684210526315,16.11111111111111,0.2
0,0,73.15789473684211,16.11111111111111,0.2
0,0,76.57894736842105,16.11111111111111,0.2
0,0,80.0,16.11111111111111,0.2
4.984890585220284,1.5685622251234672,15.0,18.333333333333336,0.2
3.894704369733364,0.8678427774185005,18.42105263157895,18.333333333333336,0.2
2.8651021269657857,0.7235828967491471,21.842105263157894,18.333333333333336,0.2
3.7255549999779918,0.5803658530468196,25.263157894736842,18.333333333333336,0.2
3.6707519514530325,0.6693327440937389,28.684210526315788,18.333333333333336,0.2
3.036561095190467,0.6923052075026233,32.10526315789474,18.333333333333336,0.2
2.998117044915307,0.6842745648219162,35.526315789473685,18.333333333333336,0.2
3.6423603717311797,0.672337568289294,38.94736842105263,18.333333333333336,0.2
3.7882537442741673,0.6549507839157456,42.368421052631575,18.333333333333336,0.2
2.127944446983474,0.7149496902477858,45.78947368421053,18.333333333333336,0.2
0.03686283381648006,0.6762856687501769,49.21052631578947,18.333333333333336,0.2
0.08019306702774161,0.456275405276523,52.63157894736842,18.333333333333336,0.2
0,0,56.05263157894737,18.333333333333336,0.2
0,0,59.473684210526315,18.333333333333336,0.2
0,0,62.89473684210526,18.333333333333336,0.2
0,0,66.31578947368422,18.333333333333336,0.2
0,0,69.73684210526315,18.333333333333336,0.2
0,0,73.15789473684211,18.333333333333336,0.2
0,0,76.57894736842105,18.333333333333336,0.2
0,0,80.0,18.333333333333336,0.2
5.582836101629505,1.6434598843926684,15.0,20.555555555555557,0.2
3.8449223639058143,0.8947332978788706,18.42105263157895,20.555555555555557,0.2
3.2825429732388183,0.58451845050728,21.842105263157894,20.555555555555557,0.2
3.1479511595528256,0.6710410327172508,25.263157894736842,20.555555555555557,0.2
3.5487132226015397,0.6693193219363887,28.684210526315788,20.555555555555557,0.2
3.3072819419666963,0.6893038764724164,32.10526315789474,20.555555555555557,0.2
3.061363635327858,0.6920855567595536,35.526315789473685,20.555555555555557,0.2
3.8167145976171746,0.6621184844917628,38.94736842105263,20.555555555555557,0.2
3.1189148759482657,0.6939997530688776,42.368421052631575,20.555555555555557,0.2
3.1131643999100427,0.6775646909341239,45.78947368421053,20.555555555555557,0.2
2.608003172532517,0.6904625421059157,49.21052631578947,20.555555555555557,0.2
0.5388441549002424,0.7248215001765487,52.63157894736842,20.555555555555557,0.2
0,0,56.05263157894737,20.555555555555557,0.2
0,0,59.473684210526315,20.555555555555557,0.2
0,0,62.89473684210526,20.555555555555557,0.2
0,0,66.31578947368422,20.555555555555557,0.2
0,0,69.73684210526315,20.555555555555557,0.2
0,0,73.15789473684211,20.555555555555557,0.2
0,0,76.57894736842105,20.555555555555557,0.2
0,0,80.0,20.555555555555557,0.2
5.99345361401189,1.713696807925692,15.0,22.77777777777778,0.2
4.231866590436666,0.9532497789652797,18.42105263157895,22.77777777777778,0.2
3.2171002481135624,0.5041066504744937,21.842105263157894,22.77777777777778,0.2
3.7292763903313415,0.5460612578455898,25.263157894736842,22.77777777777778,0.2
3.531769158982417,0.47606385749147884,28.684210526315788,22.77777777777778,0.2
3.7679870433440517,0.6572484711098132,32.10526315789474,22.77777777777778,0.2
3.5196404804067996,0.6544377337967007,35.526315789473685,22.77777777777778,0.2
3.6490781069019955,0.5619414488742792,38.94736842105263,22.77777777777778,0.2
3.5308552901467247,0.5685888877288089,42.368421052631575,22.77777777777778,0.2
3.974360526682189,0.6557326595890176,45.78947368421053,22.77777777777778,0.2
3.3631335258730934,0.6757955509581175,49.21052631578947,22.77777777777778,0.2
1.160318322617387,0.7684968771766774,52.63157894736842,22.77777777777778,0.2
0.09276823862465537,0.39882394448079594,56.05263157894737,22.77777777777778,0.2
0.10013312041840143,0.39451885370315104,59.473684210526315,22.77777777777778,0.2
0.12633524392215048,0.38007319583906535,62.89473684210526,22.77777777777778,0.2
0.148063237285015,0.3508258703720146,66.31578947368422,22.77777777777778,0.2
0.06176756915366478,0.4028386011155688,69.73684210526315,22.77777777777778,0.2
0.04537428813449546,0.40475967121275286,73.15789473684211,22.77777777777778,0.2
0.07146008214233307,0.39665742727932024,76.57894736842105,22.77777777777778,0.2
0.06674797550635846,0.3991205168259936,80.0,22.77777777777778,0.2
6.662255786891341,1.7983379759393197,15.0,25.0,0.2
5.329109977669565,1.2469811192206461,18.42105263157895,25.0,0.2
3.8383967498310714,0.5944740790919933,21.842105263157894,25.0,0.2
3.2678411017691933,0.557037600111712,25.263157894736842,25.0,0.2
3.4186634571011325,0.48969161834975544,28.684210526315788,25.0,0.2
3.820109834250229,0.5928329572454748,32.10526315789474,25.0,0.2
3.3356886588050068,0.5288487266547526,35.526315789473685,25.0,0.2
3.4591617519174767,0.4489329927690035,38.94736842105263,25.0,0.2
3.357048049308627,0.4190727213435065,42.368421052631575,25.0,0.2
3.658694698608959,0.4836757486811075,45.78947368421053,25.0,0.2
3.638341753947855,0.6747393802387314,49.21052631578947,25.0,0.2
2.8254226186028912,0.6857845870717075,52.63157894736842,25.0,0.2
2.6553193291216077,0.691629578641046,56.05263157894737,25.0,0.2
2.622610154123604,0.7060668922401669,59.473684210526315,25.0,0.2
2.7246678240738196,0.6909924323612333,62.89473684210526,25.0,0.2
1.8718601761218723,0.7363042428147489,66.31578947368422,25.0,0.2
2.235634248900512,0.7110511130589597,69.73684210526315,25.0,0.2
2.034620609196873,0.7257383566675094,73.15789473684211,25.0,0.2
2.7454285122142497,0.6973120865391103,76.57894736842105,25.0,0.2
2.6262067790636308,0.6946815553466121,80.0,25.0,0.2
4.904530861654305,1.6429012450795524,15.0,5.0,0.30000000000000004
0.2994342885461372,1.0693987243970653,18.42105263157895,5.0,0.30000000000000004
1.2903955769068673,1.1341544652157987,21.842105263157894,5.0,0.30000000000000004
0,0,25.263157894736842,5.0,0.30000000000000004
0,0,28.684210526315788,5.0,0.30000000000000004
0,0,32.10526315789474,5.0,0.30000000000000004
0,0,35.526315789473685,5.0,0.30000000000000004
0,0,38.94736842105263,5.0,0.30000000000000004
2.210549297825313,0.17684256181256625,42.368421052631575,5.0,0.30000000000000004
2.236085620858806,0.16296720704993464,45.78947368421053,5.0,0.30000000000000004
2.2512575133748602,0.16457235990406613,49.21052631578947,5.0,0.30000000000000004
2.3083561628527027,0.15013537090450269,52.63157894736842,5.0,0.30000000000000004
2.3197221445394995,0.14440631863976167,56.05263157894737,5.0,0.30000000000000004
2.334376871437978,0.1361968361056671,59.473684210526315,5.0,0.30000000000000004
2.3519304167522073,0.12801429632266167,62.89473684210526,5.0,0.30000000000000004
2.3552230550983873,0.11979838038108799,66.31578947368422,5.0,0.30000000000000004
2.358625615446588,0.11961427193905637,69.73684210526315,5.0,0.30000000000000004
2.3727782498842154,0.12071445720121408,73.15789473684211,5.0,0.30000000000000004
2.3724146553289835,0.11961140339538708,76.57894736842105,5.0,0.30000000000000004
2.361229705053131,0.12169600973354262,80.0,5.0,0.30000000000000004
4.397801904457136,1.4706297808658457,15.0,7.222222222222222,0.30000000000000004
3.355533763627043,1.676307700674439,18.42105263157895,7.222222222222222,0.30000000000000004
1.044479980887664,1.004308913056091,21.842105263157894,7.222222222222222,0.30000000000000004
1.167969387095745,0.8632548319525611,25.263157894736842,7.222222222222222,0.30000000000000004
0,0,28.684210526315788,7.222222222222222,0.30000000000000004
0,0,32.10526315789474,7.222222222222222,0.30000000000000004
0,0,35.526315789473685,7.222222222222222,0.30000000000000004
0,0,38.94736842105263,7.222222222222222,0.30000000000000004
0,0,42.368421052631575,7.222222222222222,0.30000000000000004
0,0,45.78947368421053,7.222222222222222,0.30000000000000004
0,0,49.21052631578947,7.222222222222222,0.30000000000000004
2.0625494461839113,0.1370661885187596,52.63157894736842,7.222222222222222,0.30000000000000004
2.078609668745574,0.13221392831107107,56.05263157894737,7.222222222222222,0.30000000000000004
2.1341374810773255,0.12682474931899007,59.473684210526315,7.222222222222222,0.30000000000000004
2.192094926872928,0.11887906254274311,62.89473684210526,7.222222222222222,0.30000000000000004
2.2150561737575085,0.11419890907444837,66.31578947368422,7.222222222222222,0.30000000000000004
2.188004872302382,0.11184365877689892,69.73684210526315,7.222222222222222,0.30000000000000004
2.2119374169680928,0.11372000290154717,73.15789473684211,7.222222222222222,0.30000000000000004
2.2125876796695696,0.11475477125969011,76.57894736842105,7.222222222222222,0.30000000000000004
2.2038927766706236,0.11235114524384304,80.0,7.222222222222222,0.30000000000000004
4.1074276538416985,1.6483915790485992,15.0,9.444444444444445,0.30000000000000004
3.3751531471776297,1.6269216090924954,18.42105263157895,9.444444444444445,0.30000000000000004
1.7764474462698858,1.1090491491262187,21.842105263157894,9.444444444444445,0.30000000000000004
1.4713740216043745,1.0289007161251695,25.263157894736842,9.444444444444445,0.30000000000000004
2.770056349156467,0.87902503258957,28.684210526315788,9.444444444444445,0.30000000000000004
2.195808063933573,0.9114632396309535,32.10526315789474,9.444444444444445,0.30000000000000004
0.11496382169024064,0.7226441335291406,35.526315789473685,9.444444444444445,0.30000000000000004
0,0,38.94736842105263,9.444444444444445,0.30000000000000004
0,0,42.368421052631575,9.444444444444445,0.30000000000000004
0,0,45.78947368421053,9.444444444444445,0.30000000000000004
0,0,49.21052631578947,9.444444444444445,0.30000000000000004
0,0,52.63157894736842,9.444444444444445,0.30000000000000004
0,0,56.05263157894737,9.444444444444445,0.30000000000000004
0,0,59.473684210526315,9.444444444444445,0.30000000000000004
1.9556272911471027,0.10452958014257202,62.89473684210526,9.444444444444445,0.30000000000000004
1.9747883978889753,0.1024540207337797,66.31578947368422,9.444444444444445,0.30000000000000004
1.9691152816141446,0.1033793451922817,69.73684210526315,9.444444444444445,0.30000000000000004
1.94150877855738,0.10144928392463204,73.15789473684211,9.444444444444445,0.30000000000000004
1.9494686586614751,0.10151369655793492,76.57894736842105,9.444444444444445,0.30000000000000004
1.9585560280711367,0.10103453085839456,80.0,9.444444444444445,0.30000000000000004
4.3288864834637115,1.69730230416497,15.0,11.666666666666668,0.30000000000000004
4.246290468145141,1.7583328564593923,18.42105263157895,11.666666666666668,0.30000000000000004
2.481537493799211,1.1175577353836796,21.842105263157894,11.666666666666668,0.30000000000000004
3.4584673535328236,0.907640372938411,25.263157894736842,11.666666666666668,0.30000000000000004
4.840777714989012,0.866022891790326,28.684210526315788,11.666666666666668,0.30000000000000004
3.499374091060944,0.8682498611957692,32.10526315789474,11.666666666666668,0.30000000000000004
0.8144099186396255,0.7773121121306646,35.526315789473685,11.666666666666668,0.30000000000000004
0.1209307541124085,0.6768444875203492,38.94736842105263,11.666666666666668,0.30000000000000004
0.1416202980340481,0.5285012570415787,42.368421052631575,11.666666666666668,0.30000000000000004
0,0,45.78947368421053,11.666666666666668,0.30000000000000004
0,0,49.21052631578947,11.666666666666668,0.30000000000000004
0,0,52.63157894736842,11.666666666666668,0.30000000000000004
0,0,56.05263157894737,11.666666666666668,0.30000000000000004
0,0,59.473684210526315,11.666666666666668,0.30000000000000004
0,0,62.89473684210526,11.666666666666668,0.30000000000000004
0,0,66.31578947368422,11.666666666666668,0.30000000000000004
0,0,69.73684210526315,11.666666666666668,0.30000000000000004
0,0,73.15789473684211,11.666666666666668,0.30000000000000004
0,0,76.57894736842105,11.666666666666668,0.30000000000000004
0,0,80.0,11.666666666666668,0.30000000000000004
4.815866742640517,1.7108117521528097,15.0,13.88888888888889,0.30000000000000004
4.563091838187136,1.5429395851283791,18.42105263157895,13.88888888888889,0.30000000000000004
3.0193796205294126,0.9322108618235965,21.842105263157894,13.88888888888889,0.30000000000000004
3.9971357157510647,0.902252732556045,25.263157894736842,13.88888888888889,0.30000000000000004
4.807558417383354,0.8723736482749384,28.684210526315788,13.88888888888889,0.30000000000000004
3.8547299157075585,0.8604264195302432,32.10526315789474,13.88888888888889,0.30000000000000004
3.6949343242676616,0.8488288401211169,35.526315789473685,13.88888888888889,0.30000000000000004
4.787351062363954,0.8448730768372074,38.94736842105263,13.88888888888889,0.30000000000000004
1.3537672453554237,0.9561404121768166,42.368421052631575,13.88888888888889,0.30000000000000004
0.3040835767852901,0.6786879781787255,45.78947368421053,13.88888888888889,0.30000000000000004
0.16197528164937025,0.35344357131543214,49.21052631578947,13.88888888888889,0.30000000000000004
0,0,52.63157894736842,13.88888888888889,0.30000000000000004
0,0,56.05263157894737,13.88888888888889,0.30000000000000004
0,0,59.473684210526315,13.88888888888889,0.30000000000000004
0,0,62.89473684210526,13.88888888888889,0.30000000000000004
0,0,66.31578947368422,13.88888888888889,0.30000000000000004
0,0,69.73684210526315,13.88888888888889,0.30000000000000004
0,0,73.15789473684211,13.88888888888889,0.30000000000000004
0,0,76.57894736842105,13.88888888888889,0.30000000000000004
0,0,80.0,13.88888888888889,0.30000000000000004
5.650761187560123,1.715908512948072,15.0,16.11111111111111,0.30000000000000004
4.584556766552652,1.2119730430732025,18.42105263157895,16.11111111111111,0.30000000000000004
3.6328924183117626,0.7048732623083804,21.842105263157894,16.11111111111111,0.30000000000000004
3.2715907278082335,0.6944829217150554,25.263157894736842,16.11111111111111,0.30000000000000004
4.988729631960364,0.8679007518406209,28.684210526315788,16.11111111111111,0.30000000000000004
4.189626597063076,0.8409253647856793,32.10526315789474,16.11111111111111,0.30000000000000004
4.508561653977475,0.8391442444456261,35.526315789473685,16.11111111111111,0.30000000000000004
4.397201710237172,0.8189140993217017,38.94736842105263,16.11111111111111,0.30000000000000004
3.2072402390308246,0.8907124258073181,42.368421052631575,16.11111111111111,0.30000000000000004
1.8318636076368087,0.9435222116367096,45.78947368421053,16.11111111111111,0.30000000000000004
0.6555586648990062,0.694222630992428,49.21052631578947,16.11111111111111,0.30000000000000004
0.18505562012430113,0.4796615559695973,52.63157894736842,16.11111111111111,0.30000000000000004
0,0,56.05263157894737,16.11111111111111,0.30000000000000004
0,0,59.473684210526315,16.11111111111111,0.30000000000000004
0,0,62.89473684210526,16.11111111111111,0.30000000000000004
0,0,66.31578947368422,16.11111111111111,0.30000000000000004
0,0,69.73684210526315,16.11111111111111,0.30000000000000004
0,0,73.15789473684211,16.11111111111111,0.30000000000000004
0,0,76.57894736842105,16.11111111111111,0.30000000000000004
0,0,80.0,16.11111111111111,0.30000000000000004
6.553256170491124,1.7794869643993076,15.0,18.333333333333336,0.30000000000000004
5.111099110220395,1.187297254950627,18.42105263157895,18.333333333333336,0.30000000000000004
4.149903136044686,0.7610866238150789,21.842105263157894,18.333333333333336,0.30000000000000004
3.957339741661793,0.6204664009234995,25.263157894736842,18.333333333333336,0.30000000000000004
5.221496148609682,0.8652600087903328,28.684210526315788,18.333333333333336,0.30000000000000004
5.006208569370168,0.8360835459612146,32.10526315789474,18.333333333333336,0.30000000000000004
5.246910814077646,0.8254214726802914,35.526315789473685,18.333333333333336,0.30000000000000004
4.575762100043903,0.6485976740887971,38.94736842105263,18.333333333333336,0.30000000000000004
5.159387831625771,0.8096382825676032,42.368421052631575,18.333333333333336,0.30000000000000004
3.547552607244572,0.8810724000229789,45.78947368421053,18.333333333333336,0.30000000000000004
2.609751152365093,0.9059386868216908,49.21052631578947,18.333333333333336,0.30000000000000004
1.047113341010581,0.746795344099195,52.63157894736842,18.333333333333336,0.30000000000000004
0.03021683801014252,0.3095313671672953,56.05263157894737,18.333333333333336,0.30000000000000004
0,0,59.473684210526315,18.333333333333336,0.30000000000000004
0,0,62.89473684210526,18.333333333333336,0.30000000000000004
0,0,66.31578947368422,18.333333333333336,0.30000000000000004
0,0,69.73684210526315,18.333333333333336,0.30000000000000004
0.13029772951643756,0.27740600272495997,73.15789473684211,18.333333333333336,0.30000000000000004
0,0,76.57894736842105,18.333333333333336,0.30000000000000004
0,0,80.0,18.333333333333336,0.30000000000000004
7.657808382132173,1.973504606880345,15.0,20.555555555555557,0.30000000000000004
7.637942329322677,1.6707480265441048,18.42105263157895,20.555555555555557,0.30000000000000004
4.793625090297177,0.8479885571997511,21.842105263157894,20.555555555555557,0.30000000000000004
5.127698730440363,0.7525461265514225,25.263157894736842,20.555555555555557,0.30000000000000004
5.841374937820883,0.8598704991612096,28.684210526315788,20.555555555555557,0.30000000000000004
5.0701605399708685,0.6397220841733737,32.10526315789474,20.555555555555557,0.30000000000000004
5.082094318892304,0.8338221653729793,35.526315789473685,20.555555555555557,0.30000000000000004
4.657256943343044,0.6208872677764611,38.94736842105263,20.555555555555557,0.30000000000000004
4.7059281443546235,0.5354801308555964,42.368421052631575,20.555555555555557,0.30000000000000004
4.412790115730227,0.6324320545993771,45.78947368421053,20.555555555555557,0.30000000000000004
4.66516765224107,0.8370706431865375,49.21052631578947,20.555555555555557,0.30000000000000004
2.26439489641527,0.9397825911883374,52.63157894736842,20.555555555555557,0.30000000000000004
0.7909818579448372,0.4264482581577926,56.05263157894737,20.555555555555557,0.30000000000000004
0.726422034524135,0.4012108538556898,59.473684210526315,20.555555555555557,0.30000000000000004
0.7324276771061311,0.4060422247947733,62.89473684210526,20.555555555555557,0.30000000000000004
0.7422830878114675,0.3910840029717311,66.31578947368422,20.555555555555557,0.30000000000000004
0.7658755636021912,0.417737387638626,69.73684210526315,20.555555555555557,0.30000000000000004
0.7687147772699097,0.41914365286240085,73.15789473684211,20.555555555555557,0.30000000000000004
0.7619062414626014,0.41185356095793857,76.57894736842105,20.555555555555557,0.30000000000000004
0.795622274931378,0.4370370993776425,80.0,20.555555555555557,0.30000000000000004
8.857281983871182,2.3566875008970354,15.0,22.77777777777778,0.30000000000000004
7.447954096799352,1.6017202702840083,18.42105263157895,22.77777777777778,0.30000000000000004
5.456696622115415,0.9537293605334651,21.842105263157894,22.77777777777778,0.30000000000000004
4.783467558957578,0.7746323006566623,25.263157894736842,22.77777777777778,0.30000000000000004
5.300799975981455,0.6956724867185922,28.684210526315788,22.77777777777778,0.30000000000000004
4.989104277514902,0.6834363657225385,32.10526315789474,22.77777777777778,0.30000000000000004
4.933055371360778,0.6998805521828971,35.526315789473685,22.77777777777778,0.30000000000000004
5.4953831410872285,0.5847540688422149,38.94736842105263,22.77777777777778,0.30000000000000004
4.876069931981016,0.5840308066191562,42.368421052631575,22.77777777777778,0.30000000000000004
4.882879053655054,0.5850986485350673,45.78947368421053,22.77777777777778,0.30000000000000004
4.538985369976162,0.6353992904410379,49.21052631578947,22.77777777777778,0.30000000000000004
2.820887227425063,0.9031014404280036,52.63157894736842,22.77777777777778,0.30000000000000004
3.0601871778174012,0.8896723459512663,56.05263157894737,22.77777777777778,0.30000000000000004
2.6463641482771427,0.8737675391768757,59.473684210526315,22.77777777777778,0.30000000000000004
2.9560574050861934,0.8919044392344624,62.89473684210526,22.77777777777778,0.30000000000000004
2.6173133023846953,0.8844747895354981,66.31578947368422,22.77777777777778,0.30000000000000004
2.808809741476399,0.8807729575629588,69.73684210526315,22.77777777777778,0.30000000000000004
2.8755792596296246,0.8529627130744407,73.15789473684211,22.77777777777778,0.30000000000000004
2.9163964281614927,0.8655439284333989,76.57894736842105,22.77777777777778,0.30000000000000004
2.5624590203178497,0.8851774167008172,80.0,22.77777777777778,0.30000000000000004
9.951998900648956,2.3751613385061945,15.0,25.0,0.30000000000000004
8.085181039118508,1.7458893741307369,18.42105263157895,25.0,0.30000000000000004
6.364244955821663,1.0764218514913662,21.842105263157894,25.0,0.30000000000000004
5.730142311168971,0.985460811304209,25.263157894736842,25.0,0.30000000000000004
4.798005763977141,0.6685095823344286,28.684210526315788,25.0,0.30000000000000004
4.714132117878966,0.5825473731883978,32.10526315789474,25.0,0.30000000000000004
4.9209664508679065,0.6108601053391102,35.526315789473685,25.0,0.30000000000000004
5.050011950320637,0.5706063636235358,38.94736842105263,25.0,0.30000000000000004
4.867425745970864,0.5415752770501546,42.368421052631575,25.0,0.30000000000000004
5.792865835184477,0.6080979692511383,45.78947368421053,25.0,0.30000000000000004
4.669422149630221,0.5428773294376372,49.21052631578947,25.0,0.30000000000000004
5.419920735385716,0.7899950144188319,52.63157894736842,25.0,0.30000000000000004
4.530630759177933,0.558707319486796,56.05263157894737,25.0,0.30000000000000004
4.646839204018144,0.8192096654199577,59.473684210526315,25.0,0.30000000000000004
4.6784023126450975,0.6288507929964385,62.89473684210526,25.0,0.30000000000000004
4.531201745591271,0.556597624540822,66.31578947368422,25.0,0.30000000000000004
4.748119495783689,0.6342332176092512,69.73684210526315,25.0,0.30000000000000004
4.697497921457823,0.6309580014439363,73.15789473684211,25.0,0.30000000000000004
4.646221265925018,0.8279166209657329,76.57894736842105,25.0,0.30000000000000004
5.01746796083979,0.686392439720103,80.0,25.0,0.30000000000000004
5.006161275427659,1.6876639328843057,15.0,5.0,0.4
3.353027917893285,1.4120491835236582,18.42105263157895,5.0,0.4
1.1218846210864908,1.0394664415612556,21.842105263157894,5.0,0.4
0.5150749374331922,0.7749418070913238,25.263157894736842,5.0,0.4
0,0,28.684210526315788,5.0,0.4
0,0,32.10526315789474,5.0,0.4
0,0,35.526315789473685,5.0,0.4
0,0,38.94736842105263,5.0,0.4
0,0,42.368421052631575,5.0,0.4
0,0,45.78947368421053,5.0,0.4
2.1753419043268476,0.1461578049083202,49.21052631578947,5.0,0.4
2.243031231689073,0.14709396552326903,52.63157894736842,5.0,0.4
2.2682594794495814,0.13623517003487404,56.05263157894737,5.0,0.4
2.2945193981875054,0.13437516316469997,59.473684210526315,5.0,0.4
2.3206294817401076,0.1254277704602672,62.89473684210526,5.0,0.4
2.335904662897098,0.11672522220980286,66.31578947368422,5.0,0.4
2.33329012392615,0.11761905483724834,69.73684210526315,5.0,0.4
2.3248577504579826,0.1151846873998055,73.15789473684211,5.0,0.4
2.321277533044375,0.11662525333461196,76.57894736842105,5.0,0.4
2.328961551699031,0.11873963349191459,80.0,5.0,0.4
4.433695180081416,1.5088230852809201,15.0,7.222222222222222,0.4
3.8973997769208384,1.8432634753691752,18.42105263157895,7.222222222222222,0.4
2.4724581737715425,1.044027370064447,21.842105263157894,7.222222222222222,0.4
0.9085340552531849,0.9715309707982492,25.263157894736842,7.222222222222222,0.4
0.8944470526339472,0.8473134342845979,28.684210526315788,7.222222222222222,0.4
0.0526497423129351,0.6199668673145895,32.10526315789474,7.222222222222222,0.4
0,0,35.526315789473685,7.222222222222222,0.4
0,0,38.94736842105263,7.222222222222222,0.4
0,0,42.368421052631575,7.222222222222222,0.4
0,0,45.78947368421053,7.222222222222222,0.4
0,0,49.21052631578947,7.222222222222222,0.4
0,0,52.63157894736842,7.222222222222222,0.4
0,0,56.05263157894737,7.222222222222222,0.4
2.0321607048961607,0.11067864014679818,59.473684210526315,7.222222222222222,0.4
2.0686302320672345,0.10741537760556269,62.89473684210526,7.222222222222222,0.4
2.089150537707666,0.10271043413600688,66.31578947368422,7.222222222222222,0.4
2.1114762261597764,0.10656667249745017,69.73684210526315,7.222222222222222,0.4
2.1191890932338238,0.10434103748964195,73.15789473684211,7.222222222222222,0.4
2.083322138834532,0.10239554853218645,76.57894736842105,7.222222222222222,0.4
2.117299295349349,0.1040430322624686,80.0,7.222222222222222,0.4
4.447816469479299,1.536160665348219,15.0,9.444444444444445,0.4
4.202824147203281,1.78953812310829,18.42105263157895,9.444444444444445,0.4
2.5202532753087534,1.237503725036603,21.842105263157894,9.444444444444445,0.4
3.0853421811017876,1.1216699749624333,25.263157894736842,9.444444444444445,0.4
2.8070401205638937,1.101882909167756,28.684210526315788,9.444444444444445,0.4
2.4877221841840447,1.1146699318672932,32.10526315789474,9.444444444444445,0.4
0.3735340629013202,0.7651445362647812,35.526315789473685,9.444444444444445,0.4
0.18062343504026152,0.398426688180064,38.94736842105263,9.444444444444445,0.4
0,0,42.368421052631575,9.444444444444445,0.4
0,0,45.78947368421053,9.444444444444445,0.4
0,0,49.21052631578947,9.444444444444445,0.4
0,0,52.63157894736842,9.444444444444445,0.4
0,0,56.05263157894737,9.444444444444445,0.4
0,0,59.473684210526315,9.444444444444445,0.4
0,0,62.89473684210526,9.444444444444445,0.4
0,0,66.31578947368422,9.444444444444445,0.4
0,0,69.73684210526315,9.444444444444445,0.4
0,0,73.15789473684211,9.444444444444445,0.4
0,0,76.57894736842105,9.444444444444445,0.4
0,0,80.0,9.444444444444445,0.4
4.677378547167723,1.7379563282713204,15.0,11.666666666666668,0.4
5.231860483917269,1.6371003114344864,18.42105263157895,11.666666666666668,0.4
3.6249233096703066,1.168059691788862,21.842105263157894,11.666666666666668,0.4
3.5249835847171207,1.1372521126849906,25.263157894736842,11.666666666666668,0.4
4.830388132707185,1.0510390496968265,28.684210526315788,11.666666666666668,0.4
3.747516346815733,1.0604001044699878,32.10526315789474,11.666666666666668,0.4
1.121678511356422,0.814934716101619,35.526315789473685,11.666666666666668,0.4
2.2719617903236733,0.9341758433931834,38.94736842105263,11.666666666666668,0.4
0.5893734395954311,0.6597445660523508,42.368421052631575,11.666666666666668,0.4
0.17824559941956905,0.5313959657414872,45.78947368421053,11.666666666666668,0.4
0,0,49.21052631578947,11.666666666666668,0.4
0,0,52.63157894736842,11.666666666666668,0.4
0,0,56.05263157894737,11.666666666666668,0.4
0,0,59.473684210526315,11.666666666666668,0.4
0,0,62.89473684210526,11.666666666666668,0.4
0,0,66.31578947368422,11.666666666666668,0.4
0,0,69.73684210526315,11.666666666666668,0.4
0,0,73.15789473684211,11.666666666666668,0.4
0,0,76.57894736842105,11.666666666666668,0.4
0,0,80.0,11.666666666666668,0.4
5.849680051070951,1.7392986291229833,15.0,13.88888888888889,0.4
5.237067854476385,1.5628305571665546,18.42105263157895,13.88888888888889,0.4
3.947554974095093,0.8173386850811473,21.842105263157894,13.88888888888889,0.4
4.154814149132487,1.0943689416047577,25.263157894736842,13.88888888888889,0.4
4.460457008519974,1.064078955271788,28.684210526315788,13.88888888888889,0.4
4.503533332308313,1.0657382100317925,32.10526315789474,13.88888888888889,0.4
4.4884685736082615,1.054307482154062,35.526315789473685,13.88888888888889,0.4
5.040891017463778,1.0395308459705506,38.94736842105263,13.88888888888889,0.4
2.7076684659046037,1.0874250946078812,42.368421052631575,13.88888888888889,0.4
1.3267892415507727,0.7774971662636092,45.78947368421053,13.88888888888889,0.4
0.29159332092555806,0.37689673124527867,49.21052631578947,13.88888888888889,0.4
0.14106161320021407,0.3359562768373572,52.63157894736842,13.88888888888889,0.4
0,0,56.05263157894737,13.88888888888889,0.4
0,0,59.473684210526315,13.88888888888889,0.4
0,0,62.89473684210526,13.88888888888889,0.4
0,0,66.31578947368422,13.88888888888889,0.4
0,0,69.73684210526315,13.88888888888889,0.4
0,0,73.15789473684211,13.88888888888889,0.4
0,0,76.57894736842105,13.88888888888889,0.4
0,0,80.0,13.88888888888889,0.4
7.176565312364095,1.862001830992674,15.0,16.11111111111111,0.4
5.737285687760898,1.3959951708508214,18.42105263157895,16.11111111111111,0.4
4.495058402325162,0.8516057322623066,21.842105263157894,16.11111111111111,0.4
5.746960674353394,0.8608261730772453,25.263157894736842,16.11111111111111,0.4
5.412043694960098,1.0069127082742353,28.684210526315788,16.11111111111111,0.4
5.125602287550158,1.0422139056636652,32.10526315789474,16.11111111111111,0.4
4.985511369470621,1.0369828418536666,35.526315789473685,16.11111111111111,0.4
5.31792747114261,0.6295029979701042,38.94736842105263,16.11111111111111,0.4
5.213397786699442,1.0416571664433911,42.368421052631575,16.11111111111111,0.4
2.6093381215979496,1.0159667255838984,45.78947368421053,16.11111111111111,0.4
1.4762142918791128,0.7139097492792994,49.21052631578947,16.11111111111111,0.4
1.212599175622668,0.6413969373976633,52.63157894736842,16.11111111111111,0.4
0.27832209981377826,0.27207555754893203,56.05263157894737,16.11111111111111,0.4
0.018128989310920805,0.20353757744782291,59.473684210526315,16.11111111111111,0.4
0.1254383878933748,0.2161113691685576,62.89473684210526,16.11111111111111,0.4
0.044658337848768014,0.21505907287420153,66.31578947368422,16.11111111111111,0.4
0.08773129331461038,0.21864088564049458,69.73684210526315,16.11111111111111,0.4
0.05925040379168466,0.18916530158013337,73.15789473684211,16.11111111111111,0.4
0.10989840903829462,0.21783008919462796,76.57894736842105,16.11111111111111,0.4
0,0,80.0,16.11111111111111,0.4
8.512195494056504,2.217360002669769,15.0,18.333333333333336,0.4
7.04227494485682,1.5824309583879665,18.42105263157895,18.333333333333336,0.4
5.666408717726268,1.1338184802307478,21.842105263157894,18.333333333333336,0.4
6.434736425771441,0.9546012357934565,25.263157894736842,18.333333333333336,0.4
5.937920766434396,0.8701164931651921,28.684210526315788,18.333333333333336,0.4
5.834044801254156,0.8554684082201764,32.10526315789474,18.333333333333336,0.4
6.618156163083721,1.0227859060644187,35.526315789473685,18.333333333333336,0.4
5.738984913100965,0.6763885200167202,38.94736842105263,18.333333333333336,0.4
6.0409740818273,1.0161095569036902,42.368421052631575,18.333333333333336,0.4
4.503060657510327,1.0033302453394326,45.78947368421053,18.333333333333336,0.4
3.5679221142707154,0.9115481072440251,49.21052631578947,18.333333333333336,0.4
2.0631909708886234,0.8080891416435609,52.63157894736842,18.333333333333336,0.4
1.0563573023170658,0.3904619430584846,56.05263157894737,18.333333333333336,0.4
0.9948164473318417,0.3640097081072766,59.473684210526315,18.333333333333336,0.4
0.9045044422658088,0.3312361459476801,62.89473684210526,18.333333333333336,0.4
0.6972527194298068,0.2604754098601317,66.31578947368422,18.333333333333336,0.4
0.8642220774283355,0.32077506109828624,69.73684210526315,18.333333333333336,0.4
0.9701170085636519,0.3483365119592909,73.15789473684211,18.333333333333336,0.4
0.9168245307571108,0.3390521402599475,76.57894736842105,18.333333333333336,0.4
0.9616016210961352,0.3500427683856706,80.0,18.333333333333336,0.4
10.018655362403784,2.4754996412763712,15.0,20.555555555555557,0.4
8.233857039012584,1.7929900579668554,18.42105263157895,20.555555555555557,0.4
6.72383617283074,1.2199633452003042,21.842105263157894,20.555555555555557,0.4
5.847254409713348,1.0374363271807945,25.263157894736842,20.555555555555557,0.4
5.059483036669246,0.6863875529278541,28.684210526315788,20.555555555555557,0.4
5.305628347690032,0.7101579463023331,32.10526315789474,20.555555555555557,0.4
5.352423838611632,0.7342886325827872,35.526315789473685,20.555555555555557,0.4
6.01853154167384,0.6970040657545582,38.94736842105263,20.555555555555557,0.4
5.798113267303266,0.7150683612638115,42.368421052631575,20.555555555555557,0.4
6.4490841143458075,0.8651623128368169,45.78947368421053,20.555555555555557,0.4
5.2136583617471866,0.8531633634717584,49.21052631578947,20.555555555555557,0.4
3.0822514376791776,0.801610181957704,52.63157894736842,20.555555555555557,0.4
1.9219540412110543,0.6184366755757109,56.05263157894737,20.555555555555557,0.4
1.9192971800105858,0.62156012133514,59.473684210526315,20.555555555555557,0.4
1.7612777683013208,0.5610309678236788,62.89473684210526,20.555555555555557,0.4
1.7350206069220069,0.5355594390698082,66.31578947368422,20.555555555555557,0.4
1.7013502462579566,0.5273229955150173,69.73684210526315,20.555555555555557,0.4
1.68255648494071,0.5225527399033034,73.15789473684211,20.555555555555557,0.4
1.6445542450591824,0.5077715543692679,76.57894736842105,20.555555555555557,0.4
1.779243349305034,0.5607137892955708,80.0,20.555555555555557,0.4
11.32889529009354,2.751240421317239,15.0,22.77777777777778,0.4
9.501593327436987,2.0344997591057123,18.42105263157895,22.77777777777778,0.4
7.532161947583041,1.3199713119637368,21.842105263157894,22.77777777777778,0.4
6.837968241292764,1.1289057168615528,25.263157894736842,22.77777777777778,0.4
5.715113198818571,0.7771096876322953,28.684210526315788,22.77777777777778,0.4
5.546817708480164,0.6812056356542522,32.10526315789474,22.77777777777778,0.4
5.688652708658911,0.6985846157768192,35.526315789473685,22.77777777777778,0.4
6.6459739337622095,0.7686718525293822,38.94736842105263,22.77777777777778,0.4
6.466724863328301,0.7423279641480509,42.368421052631575,22.77777777777778,0.4
7.436313343524974,0.7645112762395099,45.78947368421053,22.77777777777778,0.4
6.080605860482362,0.8060526100666089,49.21052631578947,22.77777777777778,0.4
4.211875733878441,0.8076067361589205,52.63157894736842,22.77777777777778,0.4
3.7471150029678717,0.7427448957529921,56.05263157894737,22.77777777777778,0.4
3.86818349654005,0.7494066904584412,59.473684210526315,22.77777777777778,0.4
3.8760799764928473,0.8366346916795706,62.89473684210526,22.77777777777778,0.4
3.896594491995682,0.7233203579133557,66.31578947368422,22.77777777777778,0.4
4.040295892391611,1.030217710978695,69.73684210526315,22.77777777777778,0.4
4.2106638176913025,1.0282258404834737,73.15789473684211,22.77777777777778,0.4
4.076747633033988,0.9642999437318984,76.57894736842105,22.77777777777778,0.4
3.892487737590289,0.7117782605256632,80.0,22.77777777777778,0.4
12.743107671550785,3.0004060242737105,15.0,25.0,0.4
10.675508240033425,2.2587814250892215,18.42105263157895,25.0,0.4
8.85950418814201,1.4612466273295959,21.842105263157894,25.0,0.4
8.086715178226434,1.222319808728975,25.263157894736842,25.0,0.4
6.2788276900357,0.950712787211982,28.684210526315788,25.0,0.4
5.468824253890329,0.7777574919284165,32.10526315789474,25.0,0.4
5.562719445537697,0.6180542384041182,35.526315789473685,25.0,0.4
6.634855307357398,0.7237791796386054,38.94736842105263,25.0,0.4
6.844763245946223,0.7586356403570207,42.368421052631575,25.0,0.4
7.140841086601623,0.7004836319458716,45.78947368421053,25.0,0.4
6.726125870879144,0.8019606890764243,49.21052631578947,25.0,0.4
6.017418005235944,0.7682726653144969,52.63157894736842,25.0,0.4
6.219779372306276,0.7698648491734225,56.05263157894737,25.0,0.4
6.474492528762229,0.7732152368171685,59.473684210526315,25.0,0.4
6.095707857970588,0.7695872744871988,62.89473684210526,25.0,0.4
6.160802481275727,0.7695126921538177,66.31578947368422,25.0,0.4
5.727301957328446,0.7269760091410821,69.73684210526315,25.0,0.4
6.0891834538489364,0.7634682162144789,73.15789473684211,25.0,0.4
6.105401969335172,0.7648437083511502,76.57894736842105,25.0,0.4
6.155446747926205,0.7696912327522517,80.0,25.0,0.4
4.790494635274888,1.5099984113517222,15.0,5.0,0.5
2.362845362543349,1.3809047511768038,18.42105263157895,5.0,0.5
1.1725586191664998,1.0546001527416033,21.842105263157894,5.0,0.5
0.062266902766873584,0.6812326347637921,25.263157894736842,5.0,0.5
0,0,28.684210526315788,5.0,0.5
0,0,32.10526315789474,5.0,0.5
0,0,35.526315789473685,5.0,0.5
0,0,38.94736842105263,5.0,0.5
0,0,42.368421052631575,5.0,0.5
0,0,45.78947368421053,5.0,0.5
0,0,49.21052631578947,5.0,0.5
0,0,52.63157894736842,5.0,0.5
2.1895080823603665,0.12587114495355023,56.05263157894737,5.0,0.5
2.2332902064518843,0.12416684655344801,59.473684210526315,5.0,0.5
2.277115814914195,0.11834162187392479,62.89473684210526,5.0,0.5
2.3035811347279775,0.11229762875751569,66.31578947368422,5.0,0.5
2.2959840130160583,0.11236767077885958,69.73684210526315,5.0,0.5
2.2849968983056215,0.11098520773447286,73.15789473684211,5.0,0.5
2.2805760148057956,0.11205598427966908,76.57894736842105,5.0,0.5
2.297557198790105,0.11066353876848069,80.0,5.0,0.5
4.618683313345984,1.5472510471855008,15.0,7.222222222222222,0.5
2.867836723338618,1.6599077683421215,18.42105263157895,7.222222222222222,0.5
2.0747467434620503,0.998204070925625,21.842105263157894,7.222222222222222,0.5
1.339285680765492,0.9140891612011584,25.263157894736842,7.222222222222222,0.5
0.234447586144465,0.7188722579975767,28.684210526315788,7.222222222222222,0.5
0.1588643455403706,0.6408785626679373,32.10526315789474,7.222222222222222,0.5
0.1537374750141716,0.6080808770816809,35.526315789473685,7.222222222222222,0.5
0,0,38.94736842105263,7.222222222222222,0.5
0,0,42.368421052631575,7.222222222222222,0.5
0,0,45.78947368421053,7.222222222222222,0.5
0,0,49.21052631578947,7.222222222222222,0.5
0,0,52.63157894736842,7.222222222222222,0.5
0,0,56.05263157894737,7.222222222222222,0.5
0,0,59.473684210526315,7.222222222222222,0.5
0,0,62.89473684210526,7.222222222222222,0.5
2.002584036482907,0.09486790219713138,66.31578947368422,7.222222222222222,0.5
2.012408829070258,0.0955943341168936,69.73684210526315,7.222222222222222,0.5
2.0301863922728516,0.09635315020468493,73.15789473684211,7.222222222222222,0.5
0,0,76.57894736842105,7.222222222222222,0.5
2.007944126530226,0.09323687193620005,80.0,7.222222222222222,0.5
4.221910797323605,1.5070442580510484,15.0,9.444444444444445,0.5
3.8160764167103474,1.6719385427062616,18.42105263157895,9.444444444444445,0.5
3.394206382015388,1.238238747303323,21.842105263157894,9.444444444444445,0.5
2.824712730451431,1.2370304232508769,25.263157894736842,9.444444444444445,0.5
4.701613227990569,1.2800866843599648,28.684210526315788,9.444444444444445,0.5
3.7532517436630064,1.192724720453834,32.10526315789474,9.444444444444445,0.5
1.4394596675565052,0.872437452526809,35.526315789473685,9.444444444444445,0.5
0.13871459793087837,0.36480015014949285,38.94736842105263,9.444444444444445,0.5
0.22650649227317207,0.3620872547715297,42.368421052631575,9.444444444444445,0.5
0,0,45.78947368421053,9.444444444444445,0.5
0,0,49.21052631578947,9.444444444444445,0.5
0,0,52.63157894736842,9.444444444444445,0.5
0,0,56.05263157894737,9.444444444444445,0.5
0,0,59.473684210526315,9.444444444444445,0.5
0,0,62.89473684210526,9.444444444444445,0.5
0,0,66.31578947368422,9.444444444444445,0.5
0,0,69.73684210526315,9.444444444444445,0.5
0,0,73.15789473684211,9.444444444444445,0.5
0,0,76.57894736842105,9.444444444444445,0.5
0,0,80.0,9.444444444444445,0.5
5.3583738034300765,1.6537049258677756,15.0,11.666666666666668,0.5
4.5958880518620955,1.1499265177766222,18.42105263157895,11.666666666666668,0.5
3.914148062544819,1.0687814935123656,21.842105263157894,11.666666666666668,0.5
3.2888101736746673,1.0521228958355517,25.263157894736842,11.666666666666668,0.5
4.165497731242284,0.9474785802623119,28.684210526315788,11.666666666666668,0.5
4.542208550212176,1.2609674663414838,32.10526315789474,11.666666666666668,0.5
1.704500229503354,0.8510655446487257,35.526315789473685,11.666666666666668,0.5
2.6032492516051424,0.9727751283276713,38.94736842105263,11.666666666666668,0.5
1.1083156946193884,0.6595468162465625,42.368421052631575,11.666666666666668,0.5
0.7311593205570198,0.5208203137437422,45.78947368421053,11.666666666666668,0.5
0.08593721070023087,0.3026907415242876,49.21052631578947,11.666666666666668,0.5
0,0,52.63157894736842,11.666666666666668,0.5
0,0,56.05263157894737,11.666666666666668,0.5
0,0,59.473684210526315,11.666666666666668,0.5
0,0,62.89473684210526,11.666666666666668,0.5
0,0,66.31578947368422,11.666666666666668,0.5
0,0,69.73684210526315,11.666666666666668,0.5
0,0,73.15789473684211,11.666666666666668,0.5
0,0,76.57894736842105,11.666666666666668,0.5
0,0,80.0,11.666666666666668,0.5
6.994599184739385,1.8529530524962117,15.0,13.88888888888889,0.5
5.789496351857129,1.3816885556731735,18.42105263157895,13.88888888888889,0.5
4.7341299281971025,0.8750327409068756,21.842105263157894,13.88888888888889,0.5
4.0448563589330435,0.7336979211634894,25.263157894736842,13.88888888888889,0.5
4.489167382140861,0.8034045309202887,28.684210526315788,13.88888888888889,0.5
4.493485958808033,0.8755038107834678,32.10526315789474,13.88888888888889,0.5
4.639362725929456,0.8748845396435558,35.526315789473685,13.88888888888889,0.5
4.325385338280639,0.7794133301475095,38.94736842105263,13.88888888888889,0.5
3.2762898870863375,1.0969785403842924,42.368421052631575,13.88888888888889,0.5
2.0362666687110704,0.8193812728518532,45.78947368421053,13.88888888888889,0.5
1.1946880425142503,0.5326985994965957,49.21052631578947,13.88888888888889,0.5
0.8341672294082153,0.37586566830243595,52.63157894736842,13.88888888888889,0.5
0.11927194534087089,0.20738523619243562,56.05263157894737,13.88888888888889,0.5
0,0,59.473684210526315,13.88888888888889,0.5
0,0,62.89473684210526,13.88888888888889,0.5
0,0,66.31578947368422,13.88888888888889,0.5
0,0,69.73684210526315,13.88888888888889,0.5
0,0,73.15789473684211,13.88888888888889,0.5
0,0,76.57894736842105,13.88888888888889,0.5
0,0,80.0,13.88888888888889,0.5
8.535981729766837,2.203135995194739,15.0,16.11111111111111,0.5
7.180530373678193,1.6653893039285628,18.42105263157895,16.11111111111111,0.5
5.769860550329415,1.063290583173821,21.842105263157894,16.11111111111111,0.5
5.196967280931303,0.9694512984928926,25.263157894736842,16.11111111111111,0.5
4.451186283431606,0.669926640469274,28.684210526315788,16.11111111111111,0.5
4.593512237949902,0.7672558312758101,32.10526315789474,16.11111111111111,0.5
4.682886163223978,0.8264094954540457,35.526315789473685,16.11111111111111,0.5
5.058939865439114,0.70959769893713,38.94736842105263,16.11111111111111,0.5
4.363056872279723,0.875749166448871,42.368421052631575,16.11111111111111,0.5
2.7331908301279664,0.8537805619197254,45.78947368421053,16.11111111111111,0.5
2.25629387188803,0.7140403389330754,49.21052631578947,16.11111111111111,0.5
1.8346731524273228,0.6025613053979942,52.63157894736842,16.11111111111111,0.5
0.8559768540958976,0.2769146265714868,56.05263157894737,16.11111111111111,0.5
0.5589654322479537,0.16082551290474825,59.473684210526315,16.11111111111111,0.5
0.6396361302946315,0.20206043884790023,62.89473684210526,16.11111111111111,0.5
0.632942827375038,0.2076949827736284,66.31578947368422,16.11111111111111,0.5
0.6259991165731014,0.18797046234496634,69.73684210526315,16.11111111111111,0.5
0.6185573789967425,0.18552749753274314,73.15789473684211,16.11111111111111,0.5
0.6382941734401756,0.181336297738563,76.57894736842105,16.11111111111111,0.5
0.8113547283810381,0.24249001769896017,80.0,16.11111111111111,0.5
10.036729531420809,2.5470845627138825,15.0,18.333333333333336,0.5
8.565970199063463,1.8965462929015835,18.42105263157895,18.333333333333336,0.5
7.323729887774819,1.25309646092919,21.842105263157894,18.333333333333336,0.5
6.511151115784278,1.1067343288906033,25.263157894736842,18.333333333333336,0.5
5.696887158645498,0.807607356423413,28.684210526315788,18.333333333333336,0.5
4.812806766752558,0.6326343833065795,32.10526315789474,18.333333333333336,0.5
4.931960618681318,0.7162352332130092,35.526315789473685,18.333333333333336,0.5
4.949658854329035,0.5887665698958149,38.94736842105263,18.333333333333336,0.5
5.351051244731658,0.7868822300704299,42.368421052631575,18.333333333333336,0.5
3.854510326497461,0.6955535267255204,45.78947368421053,18.333333333333336,0.5
4.000336455077669,0.7376239966736212,49.21052631578947,18.333333333333336,0.5
2.7181066639478866,0.7237295747464291,52.63157894736842,18.333333333333336,0.5
1.874177195598483,0.5062699218801349,56.05263157894737,18.333333333333336,0.5
1.7587867779719608,0.46127597082057004,59.473684210526315,18.333333333333336,0.5
1.6752585121954229,0.42991323399899944,62.89473684210526,18.333333333333336,0.5
1.7026171536985772,0.4519541606328847,66.31578947368422,18.333333333333336,0.5
1.7892010464416894,0.474414054441769,69.73684210526315,18.333333333333336,0.5
1.4981974148770831,0.37510595180288026,73.15789473684211,18.333333333333336,0.5
1.7114201139010738,0.4479302405302989,76.57894736842105,18.333333333333336,0.5
1.7395402764124392,0.44728599552527026,80.0,18.333333333333336,0.5
11.810154981934287,2.9127187926884703,15.0,20.555555555555557,0.5
9.880086597372566,2.1679851027888457,18.42105263157895,20.555555555555557,0.5
8.445145186878491,1.3768517953723975,21.842105263157894,20.555555555555557,0.5
7.539359927673008,1.1901449263744852,25.263157894736842,20.555555555555557,0.5
6.275691843295285,0.9691179717921264,28.684210526315788,20.555555555555557,0.5
5.328570748307717,0.7130140941853766,32.10526315789474,20.555555555555557,0.5
4.805526190205192,0.5716506252542718,35.526315789473685,20.555555555555557,0.5
5.057664594799136,0.5732085682130089,38.94736842105263,20.555555555555557,0.5
5.810401150740179,0.7110870242071395,42.368421052631575,20.555555555555557,0.5
5.745214187530094,0.769179518509028,45.78947368421053,20.555555555555557,0.5
4.608495080800084,0.6895455645606295,49.21052631578947,20.555555555555557,0.5
3.652012251145694,0.6689590980764957,52.63157894736842,20.555555555555557,0.5
3.3156501277006094,0.6709183130710158,56.05263157894737,20.555555555555557,0.5
2.5858867394227976,0.5743000061857154,59.473684210526315,20.555555555555557,0.5
2.6095099359678735,0.6152294318672316,62.89473684210526,20.555555555555557,0.5
2.8008068815691884,0.6483204047525057,66.31578947368422,20.555555555555557,0.5
2.7323159944461772,0.6166942812612093,69.73684210526315,20.555555555555557,0.5
2.630195285106354,0.5665183131907382,73.15789473684211,20.555555555555557,0.5
2.8300081408543916,0.6232366235991572,76.57894736842105,20.555555555555557,0.5
3.2964668075481898,0.6952862636248698,80.0,20.555555555555557,0.5
13.258774613654026,3.1866442705011817,15.0,22.77777777777778,0.5
11.40918229983961,2.442237220199547,18.42105263157895,22.77777777777778,0.5
9.555695804971092,1.5280376511644165,21.842105263157894,22.77777777777778,0.5
8.73191739874257,1.295431300655636,25.263157894736842,22.77777777777778,0.5
7.0982685959327165,1.0199078067805876,28.684210526315788,22.77777777777778,0.5
6.110994898715315,0.8496234124372248,32.10526315789474,22.77777777777778,0.5
5.631523960344299,0.6381012725382288,35.526315789473685,22.77777777777778,0.5
6.442267340703975,0.7346792271276685,38.94736842105263,22.77777777777778,0.5
5.7951673052012955,0.6281548754520743,42.368421052631575,22.77777777777778,0.5
5.303528033538123,0.5167648164782549,45.78947368421053,22.77777777777778,0.5
5.330636977910269,0.6267231682982355,49.21052631578947,22.77777777777778,0.5
4.326703480508028,0.5735270072133724,52.63157894736842,22.77777777777778,0.5
4.2189634196574275,0.5682756608917854,56.05263157894737,22.77777777777778,0.5
4.065299715833336,0.5251420601913033,59.473684210526315,22.77777777777778,0.5
4.2858159832572005,0.5976829165786471,62.89473684210526,22.77777777777778,0.5
4.247437910499357,0.5978879504514479,66.31578947368422,22.77777777777778,0.5
4.098783752012999,0.5290200137055028,69.73684210526315,22.77777777777778,0.5
4.177135226592719,0.567549570689004,73.15789473684211,22.77777777777778,0.5
4.187058836736899,0.5668568576896799,76.57894736842105,22.77777777777778,0.5
4.582712595358658,0.5990714768036378,80.0,22.77777777777778,0.5
14.739049510329973,3.4147886195909445,15.0,25.0,0.5
14.0356358918442,2.8540814748901226,18.42105263157895,25.0,0.5
11.093068983656698,1.7311913524581002,21.842105263157894,25.0,0.5
10.300790706371334,1.4515432403617048,25.263157894736842,25.0,0.5
8.123715660863997,1.124622139263902,28.684210526315788,25.0,0.5
7.092870191361016,0.9221615626788179,32.10526315789474,25.0,0.5
6.22112041841948,0.7532881120028635,35.526315789473685,25.0,0.5
6.492734398330181,0.6604659594660317,38.94736842105263,25.0,0.5
6.376050533033431,0.6579264285414227,42.368421052631575,25.0,0.5
5.751463729002667,0.5229515620225132,45.78947368421053,25.0,0.5
6.157620301511148,0.6660711902888027,49.21052631578947,25.0,0.5
5.886932919859877,0.6084586665478188,52.63157894736842,25.0,0.5
5.727656600507922,0.6158149458522434,56.05263157894737,25.0,0.5
5.659123100594417,0.6121343649802404,59.473684210526315,25.0,0.5
5.6786371250398595,0.6127040724342798,62.89473684210526,25.0,0.5
5.747503852296749,0.5986317174583717,66.31578947368422,25.0,0.5
5.85333992293427,0.6107163988683872,69.73684210526315,25.0,0.5
5.7459452596417995,0.6107385095020291,73.15789473684211,25.0,0.5
5.774739236565913,0.6079279756926549,76.57894736842105,25.0,0.5
5.726007342394089,0.6153213444955599,80.0,25.0,0.5
